{
  "project_info": {
    "project_number": "639385597989",
    "firebase_url": "https://proyectoaplicativo-f5ade-default-rtdb.firebaseio.com",
    "project_id": "proyectoaplicativo-f5ade",
    "storage_bucket": "proyectoaplicativo-f5ade.appspot.com"
  },
  "client": [
    {
      "client_info": {
        "mobilesdk_app_id": "1:639385597989:android:6f07c8aaf2e937b74ca7cc",
        "android_client_info": {
          "package_name": "com.upn.proyectoaplicativos"
        }
      },
      "oauth_client": [
        {
          "client_id": "639385597989-frmnlehg5bfd43mi2v7crhpr69n6h27u.apps.googleusercontent.com",
          "client_type": 3
        }
      ],
      "api_key": [
        {
          "current_key": "AIzaSyBqD9TmK4GxQ-mp9U0KVb4VDERXB1NbonQ"
        }
      ],
      "services": {
        "appinvite_service": {
          "other_platform_oauth_client": [
            {
              "client_id": "639385597989-frmnlehg5bfd43mi2v7crhpr69n6h27u.apps.googleusercontent.com",
              "client_type": 3
            }
          ]
        }
      }
    }
  ],
  "configuration_version": "1"
}